{
  "scale": "3/8\"=1ft",
  "dpi": 144,
  "roi": {
    "x0_pct": 0.13894870939367285,
    "y0_pct": 0.03300051563305677,
    "x1_pct": 0.8157865469582537,
    "y1_pct": 0.9490148283566932
  }
}