{
  "scale": "3/8\"=1ft",
  "dpi": 144,
  "roi": {
    "x0_pct": 0.013986235761711601,
    "y0_pct": 0.0220420385704928,
    "x1_pct": 0.8603598768220104,
    "y1_pct": 0.9720689280746809
  }
}